[{"pk": 1, "model": "membership.membershipgroup", "fields": {"name": "Non-Tool", "order": 3}}, {"pk": 3, "model": "membership.membershipgroup", "fields": {"name": "All Access", "order": 0}}, {"pk": 4, "model": "membership.membershipgroup", "fields": {"name": "Art Lab", "order": 1}}, {"pk": 1, "model": "membership.membership", "fields": {"discount_percentage": 0, "name": "Non-paying Member", "membershipgroup": 1, "order": 0}}, {"pk": 2, "model": "membership.membership", "fields": {"discount_percentage": 10, "name": "Tinkerer", "membershipgroup": 3, "order": 20}}, {"pk": 3, "model": "membership.membership", "fields": {"discount_percentage": 10, "name": "Hacker", "membershipgroup": 3, "order": 21}}, {"pk": 4, "model": "membership.membership", "fields": {"discount_percentage": 10, "name": "Table Hacker", "membershipgroup": 3, "order": 22}}, {"pk": 5, "model": "membership.membership", "fields": {"discount_percentage": 0, "name": "TX/RX Supporter", "membershipgroup": 1, "order": 1}}, {"pk": 6, "model": "membership.membership", "fields": {"discount_percentage": 5, "name": "Amigotron", "membershipgroup": 1, "order": 2}}, {"pk": 7, "model": "membership.membership", "fields": {"discount_percentage": 10, "name": "Crafter", "membershipgroup": 4, "order": 10}}, {"pk": 8, "model": "membership.membership", "fields": {"discount_percentage": 10, "name": "Artist", "membershipgroup": 4, "order": 11}}, {"pk": 9, "model": "membership.membership", "fields": {"discount_percentage": 10, "name": "Table Artist", "membershipgroup": 4, "order": 12}}, {"pk": 1, "model": "membership.membershiprate", "fields": {"order": 0, "membership": 5, "cost": 10, "description": "$10 Monthly Membership", "months": 1}}, {"pk": 2, "model": "membership.membershiprate", "fields": {"order": 1, "membership": 5, "cost": 110, "description": "$110 Yearly Membership (One Month Free)", "months": 12}}, {"pk": 3, "model": "membership.membershiprate", "fields": {"order": 0, "membership": 2, "cost": 50, "description": "$50 Monthly Membership", "months": 1}}, {"pk": 4, "model": "membership.membershiprate", "fields": {"order": 1, "membership": 2, "cost": 550, "description": "$550 Yearly Membership (One Month Free)", "months": 12}}, {"pk": 5, "model": "membership.membershiprate", "fields": {"order": 0, "membership": 3, "cost": 90, "description": "$90 Monthly", "months": 1}}, {"pk": 6, "model": "membership.membershiprate", "fields": {"order": 1, "membership": 3, "cost": 990, "description": "$990 Yearly Membership (One Month Free)", "months": 12}}, {"pk": 7, "model": "membership.membershiprate", "fields": {"order": 0, "membership": 4, "cost": 145, "description": "$145 Monthly Membership (1/4 bay)", "months": 1}}, {"pk": 8, "model": "membership.membershiprate", "fields": {"order": 1, "membership": 4, "cost": 1595, "description": "$1595 Yearly Membership (1/4 bay, one month free)", "months": 12}}, {"pk": 9, "model": "membership.membershiprate", "fields": {"order": 2, "membership": 4, "cost": 215, "description": "$215 Monthly Membership (1/2 bay)", "months": 1}}, {"pk": 10, "model": "membership.membershiprate", "fields": {"order": 3, "membership": 4, "cost": 2365, "description": "$2365 Yearly Membership (1/2 bay, one month free)", "months": 12}}, {"pk": 11, "model": "membership.membershiprate", "fields": {"order": 4, "membership": 4, "cost": 365, "description": "$365 Monthly Membership (full bay)", "months": 1}}, {"pk": 12, "model": "membership.membershiprate", "fields": {"order": 5, "membership": 4, "cost": 4015, "description": "$4015 Yearly Membership (full bay, one month free)", "months": 12}}, {"pk": 13, "model": "membership.membershiprate", "fields": {"order": 2, "membership": 3, "cost": 50, "description": "$50 Monthly (student discount)", "months": 1}}, {"pk": 14, "model": "membership.membershiprate", "fields": {"order": 3, "membership": 3, "cost": 500, "description": "$550 Yearly (student discount)", "months": 12}}, {"pk": 15, "model": "membership.membershiprate", "fields": {"order": 0, "membership": 6, "cost": 20, "description": "$20 Monthly membership", "months": 1}}, {"pk": 16, "model": "membership.membershiprate", "fields": {"order": 1, "membership": 6, "cost": 220, "description": "$220 Yearly membership", "months": 12}}, {"pk": 17, "model": "membership.membershiprate", "fields": {"order": 0, "membership": 7, "cost": 25, "description": "$25 Monthly Membership", "months": 1}}, {"pk": 18, "model": "membership.membershiprate", "fields": {"order": 1, "membership": 7, "cost": 275, "description": "$275 Yearly Membership (1 month free)", "months": 1}}, {"pk": 19, "model": "membership.membershiprate", "fields": {"order": 0, "membership": 8, "cost": 40, "description": "$40 Monthly Membership", "months": 1}}, {"pk": 20, "model": "membership.membershiprate", "fields": {"order": 1, "membership": 8, "cost": 440, "description": "$440 Yearly Membership (One Month Free)", "months": 12}}, {"pk": 21, "model": "membership.membershiprate", "fields": {"order": 0, "membership": 9, "cost": 140, "description": "$140 Monthly Membership", "months": 1}}, {"pk": 22, "model": "membership.membershiprate", "fields": {"order": 1, "membership": 9, "cost": 1540, "description": "$1540 Yearly Membership (1/4 bay, one month free)", "months": 12}}, {"pk": 1, "model": "membership.feature", "fields": {"text": "10% discount on all workshops."}}, {"pk": 2, "model": "membership.feature", "fields": {"text": "Includes all benefits of an Amigotron level membership."}}, {"pk": 3, "model": "membership.feature", "fields": {"text": "Full access to tools and equipment on Friday, Saturday, and Sunday (during business hours)."}}, {"pk": 4, "model": "membership.feature", "fields": {"text": "One regular-sized personal storage drawer."}}, {"pk": 11, "model": "membership.feature", "fields": {"text": "Includes all benefits of a Tinkerer level membership"}}, {"pk": 14, "model": "membership.feature", "fields": {"text": "Unrestricted access to all of TXRX 7 days a week (during business hours)."}}, {"pk": 15, "model": "membership.feature", "fields": {"text": "One large-sized personal storage shelf."}}, {"pk": 18, "model": "membership.feature", "fields": {"text": "Includes all benefits of a Hacker membership."}}, {"pk": 22, "model": "membership.feature", "fields": {"text": "Your own private, dedicated work table for personal projects and storage."}}, {"pk": 25, "model": "membership.feature", "fields": {"text": "Support the endeavors of TXRX Labs."}}, {"pk": 26, "model": "membership.feature", "fields": {"text": "Free access to Lab talks and events."}}, {"pk": 27, "model": "membership.feature", "fields": {"text": "Access to the TXRX Labs private email list."}}, {"pk": 29, "model": "membership.feature", "fields": {"text": "Includes all benefits of a Supporter membership."}}, {"pk": 30, "model": "membership.feature", "fields": {"text": "5% discount on all workshops."}}, {"pk": 31, "model": "membership.feature", "fields": {"text": "Coworking access to the lab during business hours. (Wifi, computer lab, conference room, kitchen, print/copy)"}}, {"pk": 32, "model": "membership.feature", "fields": {"text": "For non tool users."}}, {"pk": 33, "model": "membership.feature", "fields": {"text": "Full access to the art lab on Friday, Saturday, and Sunday (during business hours)."}}, {"pk": 34, "model": "membership.feature", "fields": {"text": "10% discount on classes, studio time, workday sessions."}}, {"pk": 35, "model": "membership.feature", "fields": {"text": "Free monthly MakerSocials."}}, {"pk": 36, "model": "membership.feature", "fields": {"text": "Unrestricted access to the art lab 7 days a week (during business hours)."}}, {"pk": 37, "model": "membership.feature", "fields": {"text": "Includes all benefits of a Crafter level membership."}}, {"pk": 38, "model": "membership.feature", "fields": {"text": "Free scheduled workday sessions."}}, {"pk": 39, "model": "membership.feature", "fields": {"text": "Includes all benefits of a Artist level membership."}}, {"pk": 1, "model": "membership.membershipfeature", "fields": {"membership": 5, "feature": 25, "order": 0}}, {"pk": 2, "model": "membership.membershipfeature", "fields": {"membership": 5, "feature": 26, "order": 1}}, {"pk": 3, "model": "membership.membershipfeature", "fields": {"membership": 5, "feature": 27, "order": 2}}, {"pk": 4, "model": "membership.membershipfeature", "fields": {"membership": 6, "feature": 2, "order": 0}}, {"pk": 5, "model": "membership.membershipfeature", "fields": {"membership": 6, "feature": 30, "order": 1}}, {"pk": 6, "model": "membership.membershipfeature", "fields": {"membership": 6, "feature": 31, "order": 2}}, {"pk": 7, "model": "membership.membershipfeature", "fields": {"membership": 6, "feature": 32, "order": 3}}, {"pk": 8, "model": "membership.membershipfeature", "fields": {"membership": 2, "feature": 27, "order": 0}}, {"pk": 9, "model": "membership.membershipfeature", "fields": {"membership": 2, "feature": 1, "order": 1}}, {"pk": 10, "model": "membership.membershipfeature", "fields": {"membership": 2, "feature": 3, "order": 2}}, {"pk": 11, "model": "membership.membershipfeature", "fields": {"membership": 2, "feature": 4, "order": 3}}, {"pk": 12, "model": "membership.membershipfeature", "fields": {"membership": 3, "feature": 11, "order": 0}}, {"pk": 13, "model": "membership.membershipfeature", "fields": {"membership": 3, "feature": 14, "order": 1}}, {"pk": 14, "model": "membership.membershipfeature", "fields": {"membership": 3, "feature": 15, "order": 2}}, {"pk": 15, "model": "membership.membershipfeature", "fields": {"membership": 4, "feature": 18, "order": 0}}, {"pk": 16, "model": "membership.membershipfeature", "fields": {"membership": 4, "feature": 22, "order": 1}}, {"pk": 17, "model": "membership.membershipfeature", "fields": {"membership": 7, "feature": 33, "order": 0}}, {"pk": 18, "model": "membership.membershipfeature", "fields": {"membership": 7, "feature": 34, "order": 1}}, {"pk": 19, "model": "membership.membershipfeature", "fields": {"membership": 7, "feature": 35, "order": 2}}, {"pk": 20, "model": "membership.membershipfeature", "fields": {"membership": 8, "feature": 36, "order": 1}}, {"pk": 21, "model": "membership.membershipfeature", "fields": {"membership": 8, "feature": 37, "order": 0}}, {"pk": 22, "model": "membership.membershipfeature", "fields": {"membership": 8, "feature": 38, "order": 2}}, {"pk": 23, "model": "membership.membershipfeature", "fields": {"membership": 9, "feature": 22, "order": 1}}, {"pk": 24, "model": "membership.membershipfeature", "fields": {"membership": 9, "feature": 39, "order": 0}}]