[{"pk": 4, "model": "course.subject", "fields": {"name": "Fabrication", "description": ""}}, {"pk": 1, "model": "course.subject", "fields": {"name": "Programming", "description": ""}}, {"pk": 7, "model": "course.subject", "fields": {"name": "Locksmithing", "description": ""}}, {"pk": 8, "model": "course.subject", "fields": {"name": "Security", "description": ""}}, {"pk": 9, "model": "course.subject", "fields": {"name": "Communications", "description": ""}}, {"pk": 10, "model": "course.subject", "fields": {"name": "Hardware", "description": ""}}, {"pk": 11, "model": "course.subject", "fields": {"name": "Bio Chem", "description": ""}}, {"pk": 5, "model": "course.subject", "fields": {"name": "Multimedia", "description": ""}}, {"pk": 6, "model": "course.subject", "fields": {"name": "Networks", "description": ""}}, {"pk": 3, "model": "course.course", "fields": {"images": [], "subjects": [4], "name": "Intro to Soldering", "description": "Participants will learn the basic principals of soldering through a hands on course. Including an introduction to the soldering iron and its operation, basic through hole soldering techniques, and many other topics. Participants will learn while assembling two simple project kits."}}, {"pk": 6, "model": "course.course", "fields": {"images": [4], "subjects": [1], "name": "Intro to Java Programming", "description": "Introduction to the Java language. Material Covered will include Java Syntax(Arithmetic, Types, Control Structures, Inheritance, interfaces, etc) , Object Oriented programming principles, Object Oriented Design Patterns, and Useful Java Libraries. Course will be project based with student learning mainly through completing guided tasks. Prior programming knowledge is helpful but not required."}}, {"pk": 13, "model": "course.course", "fields": {"images": [5], "subjects": [11], "name": "Molecular Biotechniques Crash Course", "description": "Have you ever wondered what goes in to creating a Genetically Modified Organism(GMO)?\r\nLearn essential concepts and skills used in biotech labs in this fast paced hands on workshop. We\u2019ll cover the nature of DNA, and the discoveries and breakthroughs that made modifying life forms just another day at the lab. You\u2019ll learn to isolate DNA, cut it with restriction enzymes, transform bacterial cells, perform gel electrophoresis and PCR your own DNA. We\u2019ll also cover new developments in the field, such as synthetic biology and personal genomic data.\r\nThis course is geared towards folks with no prior lab experience."}}, {"pk": 2, "model": "course.course", "fields": {"images": [2], "subjects": [1], "name": "Intro to Python Programming", "description": ""}}, {"pk": 1, "model": "course.course", "fields": {"images": [1], "subjects": [1], "name": "Linux OS I", "description": "An introduction to the Linux Operating System. Interest and experience of the students will help determine the course material. The class will start with basic installation of the Linux Operating System and then cover command line basics to accomplish anything and everything."}}, {"pk": 12, "model": "course.course", "fields": {"images": [], "subjects": [1, 10], "name": "Advanced MicroControllers", "description": "The Arduino is a great way to get started in programming microcontrollers. It is cheap, easy to set up and easy to program, but is just one of the tools that are available in the world of physical computing. This course will be an introduction to some of the others. There are tools that are both larger and more powerful and smaller and cheaper then Arduino. They are a little harder to work with, but the extra effort pays big dividends. We will be covering the set-up and use of the GCC compiler for the AVR line of microcontrollers from Atmel. (requires basic knowledge of programming and micro controller theory.)"}}, {"pk": 5, "model": "course.course", "fields": {"images": [3], "subjects": [10], "name": "Circuit Theory I", "description": "This course is the first of a multi part series which will explore basic circuit theory. This course will focus mainly on the foundation principals of analog circuits including voltage, current, resistance, capacitance and other core concepts which will serve as the basis for future classes focusing on more advanced topics."}}, {"pk": 11, "model": "course.course", "fields": {"images": [], "subjects": [4, 1], "name": "3D CAD w/ Focus on Rapid Prototyping", "description": "Students will learn basic and intermediate techniques of 3D CAD (Computer Aided Design&Drafting) and how it is used in rapid prototyping applications. The class will focus on the important concepts of designing parts that can be 3D printed or CNC machined. By the end of the course students will have designed and printed their own 3D parts."}}, {"pk": 14, "model": "course.course", "fields": {"images": [], "subjects": [4, 1], "name": "Intro to CNC", "description": "This course will cover the basics of cnc operation using G-Code. Focusing mainly on 3 Axis Machining as our sandbox course participants will learn how to write and debug basic to intermediate G-Code. With the finally products being run on the Lab\u2019s Powerhawk mill."}}, {"pk": 15, "model": "course.course", "fields": {"images": [], "subjects": [4], "name": "CNC Plasma Cutting with PlasmaCam", "description": "This course will serve as an intro to anyone interested in using the CNC plasma cutter. The intro will include basic plasmacam software operation, material selection, parameter tuning, and safety considerations."}}, {"pk": 16, "model": "course.course", "fields": {"images": [], "subjects": [1], "name": "Practical Linear Algebra", "description": "Course would provide overview of linear algebra with emphasis on basic operations (dot products, cross products, matrix multiplication, etc.) and geometric interpretation of said operations, with the aim of giving students a basic background applicable to tasks faced in mechanical design, programming, and graphics work."}}, {"pk": 17, "model": "course.course", "fields": {"images": [], "subjects": [1, 5], "name": "OpenGL I", "description": "Course is a simple introduction to OpenGL\u2019s fixed-function pipeline. Course will cover ways of setting up OpenGL applications (installation of SDKs, etc.), the functioning of the OpenGL rendering pipeline, the creation and drawing of simple shapes, lighting, texturing, coloring, transformations, and other topics as time allows."}}, {"pk": 8, "model": "course.course", "fields": {"images": [], "subjects": [4], "name": "Welding I", "description": "Basics of MIG welding. How to weld safely and successfully. Emphasis on providing enough instruction and practice for the beginner to successfully complete a small project. Each Section Limited to 6 participants."}}, {"pk": 9, "model": "course.course", "fields": {"images": [], "subjects": [4], "name": "Welding II", "description": "Continuation of Welding I. Emphasis on more advanced techniques with MIG / material selection / basic design for weldments. Intro to TIG time allowing. Each Section Limited to 6 participants."}}, {"pk": 4, "model": "course.course", "fields": {"images": [], "subjects": [1], "name": "Intro to C Programming", "description": "This class is for beginning C programmers. It will cover most aspects of the C language including data types, structures, arrays, pointers, arithmetic, bitwise and logical operators, control flow, functions, and some parts of the standard C library for handling strings, i/o, and memory allocation. Students should bring a laptop with a working C compiler, as there will be some hands on exercises. C++ will *not* be covered."}}, {"pk": 10, "model": "course.course", "fields": {"images": [3], "subjects": [10], "name": "Circuit Theory II", "description": "This course is the second of a multi part series which will explore basic circuit theory. This course will focus mainly on the foundation principals of analog circuits including capacitance, inductance, resonance, transistors and other core concepts which will serve as the basis for future classes focusing on more advanced topics."}}, {"pk": 7, "model": "course.course", "fields": {"images": [], "subjects": [1], "name": "Intro to Arduino", "description": "Participants will get a overview of the Arduino\u2019s operation and features and then delve into hands on development learning how to use common sensors and program the Arduino platform. Arduino\u2019s and laptops will be provided. Spaces for this class are limited. (w/ lunch included)"}}, {"pk": 15, "model": "course.section", "fields": {"fee": 300, "description": null, "sessions": 2, "fee_notes": "", "hours": 4, "course": 13, "user": 1, "starttime": "2011-10-01 13:00:00", "images": [], "tools": [], "location": 1}}, {"pk": 2, "model": "course.section", "fields": {"fee": 30, "description": "", "sessions": 3, "fee_notes": "", "hours": 2, "course": 2, "user": 1, "starttime": "2011-10-05 18:00:00", "images": [], "tools": [], "location": 1}}, {"pk": 13, "model": "course.section", "fields": {"fee": 35, "description": null, "sessions": 2, "fee_notes": "", "hours": 2, "course": 11, "user": 1, "starttime": "2011-10-06 19:00:00", "images": [], "tools": [], "location": 1}}, {"pk": 6, "model": "course.section", "fields": {"fee": 30, "description": null, "sessions": 2, "fee_notes": "", "hours": 3, "course": 6, "user": 1, "starttime": "2011-10-08 10:00:00", "images": [], "tools": [], "location": 1}}, {"pk": 3, "model": "course.section", "fields": {"fee": 30, "description": null, "sessions": 1, "fee_notes": " includes $15 fee for project kits which participants will assemble and take home", "hours": 1, "course": 3, "user": 1, "starttime": "2011-10-09 13:00:00", "images": [], "tools": [], "location": 1}}, {"pk": 10, "model": "course.section", "fields": {"fee": 65, "description": null, "sessions": 1, "fee_notes": "Continuation of Welding I. Emphasis on more advanced techniques with MIG / material selection / basic design for weldments. Intr", "hours": 3, "course": 9, "user": 1, "starttime": "2011-10-15 09:00:00", "images": [], "tools": [], "location": 1}}, {"pk": 8, "model": "course.section", "fields": {"fee": 65, "description": null, "sessions": 1, "fee_notes": "which includes a $35 fee for materials", "hours": 3, "course": 8, "user": 1, "starttime": "2011-10-15 09:00:00", "images": [], "tools": [], "location": 1}}, {"pk": 17, "model": "course.section", "fields": {"fee": 20, "description": null, "sessions": 1, "fee_notes": "", "hours": 2, "course": 15, "user": 1, "starttime": "2011-10-16 13:00:00", "images": [], "tools": [], "location": 1}}, {"pk": 18, "model": "course.section", "fields": {"fee": 15, "description": null, "sessions": 1, "fee_notes": "", "hours": 2, "course": 16, "user": 1, "starttime": "2011-10-16 13:00:00", "images": [], "tools": [], "location": 1}}, {"pk": 9, "model": "course.section", "fields": {"fee": 65, "description": null, "sessions": 1, "fee_notes": "which includes a $35 fee for materials", "hours": 3, "course": 8, "user": 1, "starttime": "2011-10-22 09:00:00", "images": [], "tools": [], "location": 1}}, {"pk": 16, "model": "course.section", "fields": {"fee": 20, "description": null, "sessions": 1, "fee_notes": "", "hours": 4, "course": 14, "user": 1, "starttime": "2011-10-22 13:00:00", "images": [], "tools": [], "location": 1}}, {"pk": 4, "model": "course.section", "fields": {"fee": 30, "description": null, "sessions": 1, "fee_notes": "", "hours": 3, "course": 4, "user": 1, "starttime": "2011-10-22 14:00:00", "images": [], "tools": [], "location": 1}}, {"pk": 7, "model": "course.section", "fields": {"fee": 65, "description": null, "sessions": 1, "fee_notes": "includes an arduino Uno which participants can take home with them) \u2013 if you wish to bring your own Arduino notify us and we will refund 30$", "hours": 4, "course": 7, "user": 1, "starttime": "2011-10-23 13:00:00", "images": [], "tools": [], "location": 1}}, {"pk": 1, "model": "course.section", "fields": {"fee": 30, "description": "", "sessions": 1, "fee_notes": "", "hours": 3, "course": 1, "user": 1, "starttime": "2011-10-26 18:00:00", "images": [], "tools": [], "location": 1}}, {"pk": 14, "model": "course.section", "fields": {"fee": 30, "description": null, "sessions": 1, "fee_notes": "", "hours": 2, "course": 12, "user": 1, "starttime": "2011-10-27 19:00:00", "images": [], "tools": [], "location": 1}}, {"pk": 11, "model": "course.section", "fields": {"fee": 65, "description": null, "sessions": 1, "fee_notes": "Continuation of Welding I. Emphasis on more advanced techniques with MIG / material selection / basic design for weldments. Intr", "hours": 3, "course": 9, "user": 1, "starttime": "2011-11-05 09:00:00", "images": [], "tools": [], "location": 1}}, {"pk": 5, "model": "course.section", "fields": {"fee": 15, "description": "This course is the first of a multi part series which will explore basic circuit theory. This course will focus mainly on the foundation principals of analog circuits including voltage, current, resistance, capacitance and other core concepts which will serve as the basis for future classes focusing on more advanced topics.", "sessions": 1, "fee_notes": "", "hours": 3, "course": 5, "user": 1, "starttime": "2011-11-05 10:00:00", "images": [], "tools": [], "location": 1}}, {"pk": 19, "model": "course.section", "fields": {"fee": 15, "description": null, "sessions": 1, "fee_notes": "", "hours": 3, "course": 17, "user": 1, "starttime": "2011-11-05 14:00:00", "images": [], "tools": [], "location": 1}}, {"pk": 12, "model": "course.section", "fields": {"fee": 15, "description": null, "sessions": 1, "fee_notes": "", "hours": 3, "course": 10, "user": 1, "starttime": "2011-11-12 13:00:00", "images": [], "tools": [], "location": 1}}, {"pk": 1, "model": "course.session", "fields": {"section": 1}}, {"pk": 2, "model": "course.session", "fields": {"section": 2}}, {"pk": 15, "model": "course.session", "fields": {"section": 15}}, {"pk": 13, "model": "course.session", "fields": {"section": 13}}, {"pk": 6, "model": "course.session", "fields": {"section": 6}}, {"pk": 3, "model": "course.session", "fields": {"section": 3}}, {"pk": 10, "model": "course.session", "fields": {"section": 10}}, {"pk": 8, "model": "course.session", "fields": {"section": 8}}, {"pk": 18, "model": "course.session", "fields": {"section": 18}}, {"pk": 17, "model": "course.session", "fields": {"section": 17}}, {"pk": 9, "model": "course.session", "fields": {"section": 9}}, {"pk": 16, "model": "course.session", "fields": {"section": 16}}, {"pk": 4, "model": "course.session", "fields": {"section": 4}}, {"pk": 7, "model": "course.session", "fields": {"section": 7}}, {"pk": 14, "model": "course.session", "fields": {"section": 14}}, {"pk": 11, "model": "course.session", "fields": {"section": 11}}, {"pk": 5, "model": "course.session", "fields": {"section": 5}}, {"pk": 19, "model": "course.session", "fields": {"section": 19}}, {"pk": 12, "model": "course.session", "fields": {"section": 12}}]